{
  "executable": "ElectronMvcTest",
  "splashscreen": {
    "imageFile": ""
  },
  "name": "ElectronMvcTest",
  "author": "",
  "singleInstance": false,
  "environment": "Production",
  "build": {
    "appId": "com.ElectronMvcTest.app",
    "productName": "ElectronMvcTest",
    "copyright": "Copyright © 2020",
    "buildVersion": "1.0.0",
    "compression": "maximum",
    "directories": {
      "output": "../../../bin/Desktop"
    },
    "extraResources": [
      {
        "from": "./bin",
        "to": "bin",
        "filter": [ "**/*" ]
      }
    ],
    "files": [
      {
        "from": "./ElectronHostHook/node_modules",
        "to": "ElectronHostHook/node_modules",
        "filter": [ "**/*" ]
      },
      "**/*"
    ]
  }
}