{
  "connTypes": [
    {
      "Name": "Microsoft SQL Server",
      "Key": "MSSQL"
    },
    {
      "Name": "MySql",
      "Key": "MYSQL"
    },
    {
      "Name": "MariaDB",
      "Key": "MARIADB"
    }
  ],
  "generateTypes": {
    "Api": [
      {
        "Name": "NodeJS Express API",
        "Key": "EXPRESS",
        "Message": null
      },
      {
        "Name": ".Net Core",
        "Key": "DOTNETCORE",
        "Message": null
      }
    ],
    "Ui": [
      {
        "Name": "Angular",
        "Key": "ANGULAR",
        "Message": null
      },
      {
        "Name": "React",
        "Key": "REACT",
        "Message": "Soon "
      }
    ]
  },
  "payloadConn": {
    "connType": null,
    "connFileName": null,
    "connFileContent": null,
    "connHost": null,
    "connUser": null,
    "connPassword": null,
    "connDatabase": null
  },
  "securityConfig": {
    "useSecurity": false,
    "defaultAuthenticatedRoute": "/demo",
    "loginRoute": "security/api/login",
    "registerRoute": "security/api/register",
    "recoverPasswordRoute": "security/api/recover",
    "userStatsLogins": "security/api/userStats",
    "userStatsOtherMetrics": "security/api/userMetrics"
  },
  "urls": {
    "apiRootUrl": null,
    "stepOneFindTables": "data2code/api/Home/FindTables",
    "stepTwoUrlToBeRenamed": "data2code/api/Home/generateapp",
    "prefix":"data2code/"
  },
  "demoConn": [
    {
      "connType": "MARIADB",
      "connFileName": null,
      "connFileContent": null,
      "connHost": "19.19.19.111",
      "connPort": "3306",
      "connUser": "demo_user",
      "connDatabase": "test_schema",
      "connPassword": "demo_user",
      "default": true
    }
  ]
}
